<SharedFlowBundle revision="2" name="reCaptureV1">
    <DisplayName></DisplayName>
    <Description>ReCapture Enterprise</Description>
    <CreatedAt>1675092649916</CreatedAt>
    <LastModifiedAt>1675093046873</LastModifiedAt>
    <Policies>
        <Policy>AM-SanitizeRequest</Policy>
        <Policy>EV-ExtractReCaptchaToken</Policy>
        <Policy>EV-ExtractRiskScore</Policy>
        <Policy>EV-ExtractTokenValidity</Policy>
        <Policy>RF-BadRequest</Policy>
        <Policy>RF-InvalidRequest</Policy>
        <Policy>RF-InvalidToken</Policy>
        <Policy>SC-AccessReCaptchaEnterprise</Policy>
        <Policy>EV-ExtractReCaptchaKey</Policy>
        <Policy>DC-RiskScore</Policy>
        <Policy>DC-TokenValidity</Policy>
    </Policies>
    <SharedFlows>
        <SharedFlow>default</SharedFlow>
    </SharedFlows>
    <subType>SharedFlow</subType>
</SharedFlowBundle>