<?xml version="1.0" encoding="UTF-8" standalone="yes"?>
<SharedFlowBundle revision="8" name="reCapture">
  <DisplayName/>
  <Description>ReCapture Enterprise</Description>
  <CreatedAt>1674822708421</CreatedAt>
  <LastModifiedAt>1674822708421</LastModifiedAt>
  <Policies>
    <Policy>AM-SanitizeRequest</Policy>
    <Policy>EV-ExtractReCaptchaToken</Policy>
    <Policy>EV-ExtractRiskScore</Policy>
    <Policy>EV-ExtractTokenValidity</Policy>
    <Policy>RF-BadRequest</Policy>
    <Policy>RF-InvalidRequest</Policy>
    <Policy>RF-InvalidToken</Policy>
    <Policy>SC-AccessReCaptchaEnterprise</Policy>
    <Policy>EV-ExtractReCaptchaKey</Policy>
  </Policies>
  <SharedFlows>
    <SharedFlow>default</SharedFlow>
  </SharedFlows>
  <subType>SharedFlow</subType>
</SharedFlowBundle>
