<?xml version="1.0" encoding="UTF-8" standalone="yes"?>
<SharedFlow name="default">
    <Step>
        <Condition>( request.header.x-recaptcha-token Is null ) or 
        ( request.header.x-recaptcha-token = "" )</Condition>
        <Name>RF-InvalidRequest</Name>
    </Step>
    <Step>
        <Name>EV-ExtractReCaptchaToken</Name>
    </Step>
    <Step>
        <Name>EV-ExtractReCaptchaKey</Name>
    </Step>
    <Step>
        <Name>SC-AccessReCaptchaEnterprise</Name>
    </Step>
    <Step>
        <Name>EV-ExtractTokenValidity</Name>
    </Step>
    <Step>
        <Name>DC-TokenValidity</Name>
    </Step>
    <Step>
        <Condition>flow.assessment.token_validity != true</Condition>
        <Name>RF-InvalidToken</Name>
    </Step>
    <Step>
        <Name>EV-ExtractRiskScore</Name>
    </Step>
    <Step>
        <Name>DC-RiskScore</Name>
    </Step>
    <Step>
        <Condition>flow.assessment.risk_score LesserThan 0.6</Condition>
        <Name>RF-BadRequest</Name>
    </Step>
    <Step>
        <Name>AM-SanitizeRequest</Name>
    </Step>
</SharedFlow>