<?xml version="1.0" encoding="UTF-8" standalone="yes"?>
<ServiceCallout name="SC-AccessReCaptchaEnterprise">
  <Request>
    <Set>
      <Payload contentType="application/json">{
  "event": {
    "token": "{flow.recaptcha.token}",
    "siteKey": "{flow.recaptcha.sitekey}"
  }
}</Payload>
      <Verb>POST</Verb>
    </Set>
  </Request>
  <Response>response</Response>
  <HTTPTargetConnection>
    <Authentication>
      <GoogleAccessToken>
        <Scopes>
          <Scope>https://www.googleapis.com/auth/cloud-platform</Scope>
        </Scopes>
      </GoogleAccessToken>
    </Authentication>
    <URL>https://recaptchaenterprise.googleapis.com/v1/projects/{organization.name}/assessments</URL>
  </HTTPTargetConnection>
</ServiceCallout>
